,0
0,rich-bitch-shoe-fits
1,sex-addict-therapy
2,my-wifes-a-slut
3,phoenix-is-a-bad-bad-wife
4,getting-her-husband-a-raise
5,fuck-my-wife-while-i-watch
6,wet-wife
7,anal-with-her-sisters-husband
8,cafe-chic
9,hot-ride-for-sale
10,what-romantic-evening
11,i-swear-i-love-my-husband
12,stealing-some-cock
13,honey-go-get-the-condoms
14,cheating-wife-is-dtf
15,angelas-house-of-hedonism-part-3
16,appraising-her-ass
17,willing-to-pay
18,alone-and-waiting
19,angelas-house-of-hedonism-part-1
20,fucking-my-old-bully
21,caught-naked-for-strangers
22,tailored-to-your-liking
23,letting-a-stranger-come-in
