,Site,PS1,PS2,Title
0,Zz Series,keisha_grey,phoenix_marie,brazzers_house_2_day_2
1,Zz Series,keisha_grey,phoenix_marie,brazzers_house_2_day_1
2,Zz Series,peta_jensen,allie_haze,anything_he_desires
3,Zz Series,kelsi_monroe,monique_alexander,brazzers_house_2_finale
4,Zz Series,dani_daniels,capri_cavanni,the_whore_of_wall_street_ep_3_bitch_you_work_for_me
5,Zz Series,keisha_grey,phoenix_marie,brazzers_house_2_day_3
6,Zz Series,karma_rx,bridgette_b,brazzers_house_3_episode_1
7,Zz Series,phoenix_marie,ava_addams,brazzers_house_orgy_finale
8,Zz Series,karma_rx,bridgette_b,brazzers_house_3_episode_2
9,Zz Series,dani_daniels,phoenix_marie,brazzers_house_episode_one
10,Zz Series,dani_daniels,phoenix_marie,brazzers_house_episode_three
11,Zz Series,dani_daniels,phoenix_marie,brazzers_house_episode_two
12,Zz Series,alexis_fawx,lena_paul,a_brazzers_christmas_special_part_4
13,Zz Series,karma_rx,bridgette_b,brazzers_house_3_episode_3
14,Zz Series,karma_rx,bridgette_b,brazzers_house_3_finale
15,Zz Series,alexis_fawx,tyler_nixon,a_brazzers_christmas_special_part_1
16,Zz Series,dani_daniels,phoenix_marie,brazzers_house_episode_five
17,Zz Series,dani_daniels,phoenix_marie,brazzers_house_episode_four
18,Zz Series,cali_carter,xander_corvus,the_exxxceptions_episode_1
19,Zz Series,monique_alexander,romi_rain,ghostbusters_xxx_parody_part_4
20,Zz Series,karma_rx,bridgette_b,brazzers_house_3_episode_4
21,Zz Series,phoenix_marie,ava_addams,brazzers_house_sex_challenge
22,Zz Series,aletta_ocean,danny_d,lost_in_brazzers_episode_3
23,Zz Series,anissa_kate,jasmine_jae,storm_of_kings_xxx_parody_part_1
24,Zz Series,tina_kay,rebecca_more,queen_of_thrones_part_1_a_xxx_parody
25,Zz Series,abigail_mac,monique_alexander,ghostbusters_xxx_parody_part_2
26,Zz Series,jillian_janson,lena_paul,a_brazzers_christmas_special_part_2
27,Zz Series,kimmy_granger,xander_corvus,power_bangers_a_xxx_parody_part_1
28,Zz Series,kissa_sins,johnny_sins,introducing_kissa_sins
29,Zz Series,peta_jensen,romi_rain,deadly_rain_part_one
30,Zz Series,mia_malkova,danny_mountain,die_hardcore_part_1_a_xxx_parody
31,Zz Series,peta_jensen,aruba_jasmine,storm_of_kings_xxx_parody_part_2
32,Zz Series,monique_alexander,keiran_lee,ghostbusters_xxx_parody_part_1
33,Zz Series,peta_jensen,marc_rose,storm_of_kings_xxx_parody_part_4
34,Zz Series,adriana_chechik,keiran_lee,never_get_married_the_aftermath
35,Zz Series,mia_malkova,markus_dupree,die_hardcore_part_3_a_xxx_parody
36,Zz Series,cherie_deville,charles_dera,zz_erection_2016_part_1
37,Zz Series,aletta_ocean,marc_rose,storm_of_kings_xxx_parody_part_3
38,Zz Series,abigail_mac,keiran_lee,pussy_o_plomo_part_1
39,Zz Series,romi_rain,mick_blue,deadly_rain_part_four
40,Zz Series,jillian_janson,charles_dera,a_brazzers_christmas_special_part_3
41,Zz Series,karma_rx,bridgette_b,brazzers_house_3_unseen_moments
42,Zz Series,sensual_jane,ella_hughes,lost_in_brazzers_episode_1
43,Zz Series,nikki_benz,isiah_maxwell,zz_erection_2016_part_2
44,Zz Series,aidra_fox,dahlia_sky,sins_life_part_three
45,Zz Series,nikki_benz,bridgette_b,brazzers_house_episode_five_bonus_part_2
46,Zz Series,abigail_mac,veronica_avluv,pussy_o_plomo_part_3
48,Zz Series,cherie_deville,yasmine_de_leon,zz_erection_2016_part_4
49,Zz Series,kissa_sins,johnny_sins,sins_life_part_two
50,Zz Series,dani_daniels,bridgette_b,brazzers_house_episode_five_bonus_part_1
51,Zz Series,ariana_marie,madison_ivy,rich_fucks_part_1
52,Zz Series,xander_corvus,romi_rain,xanders_world_tour_ep_1
53,Zz Series,xander_corvus,bonnie_rotten,queen_of_thrones_part_2_a_xxx_parody
54,Zz Series,danny_d,bridgette_b,american_whore_story_part_five
55,Zz Series,abigail_mac,romi_rain,pussy_o_plomo_part_4
56,Zz Series,stallion,ella_hughes,deadly_rain_part_two
57,Zz Series,rebecca_more,august_ames,queen_of_thrones_part_4_a_xxx_parody
58,Zz Series,monique_alexander,phoenix_marie,the_exxxceptions_episode_4
59,Zz Series,tory_lane,mea_melone,brazzers_house_episode_four_bonus
60,Zz Series,danny_d,mia_malkova,lost_in_brazzers_episode_4
61,Zz Series,charles_dera,abigail_mac,die_hardcore_part_2_a_xxx_parody
62,Zz Series,kimmy_granger,julia_ann,power_bangers_a_xxx_parody_part_5
63,Zz Series,danny_d,karma_rx,lost_in_brazzers_episode_2
64,Zz Series,angela_white,bridgette_b,xanders_world_tour_ep_2
65,Zz Series,abigail_mac,dana_de_armond,pussy_o_plomo_part_2
66,Zz Series,ramon_nomar,ayda_swinger,never_get_married_the_revenge
67,Zz Series,romi_rain,bridgette_b,queen_of_thrones_part_3_a_xxx_parody
68,Zz Series,honey_gold,romi_rain,rich_fucks_part_2
69,Zz Series,lucas_frost,aleska_diamond,power_bangers_a_xxx_parody_part_3
70,Zz Series,black_angelika,diamond_foxxx,ep_8_last_call_for_bootiepest
72,Zz Series,jessa_rhodes,katrina_jade,power_bangers_a_xxx_parody_part_2
73,Zz Series,eva_karera,xander_corvus,zz_erection_2016_part_3
74,Zz Series,dana_de_armond,chanel_preston,never_get_married_the_threesome
75,Zz Series,aaliyah_hadid,cali_carter,the_exxxceptions_episode_2
76,Zz Series,gina_valentina,abigail_mac,xanders_world_tour_ep_4
77,Zz Series,phoenix_marie,ava_addams,brazzers_house_behind_the_scenes
78,Zz Series,romi_rain,xander_corvus,xanders_world_tour_ep_3
79,Zz Series,bridgette_b,toni_ribas,rich_fucks_part_4
80,Zz Series,romi_rain,allie_haze,deadly_rain_part_three
81,Zz Series,skin_diamond,juelz_ventura,american_whore_story_part_two
82,Zz Series,abigail_mac,danny_d,power_bangers_a_xxx_parody_part_4
83,Zz Series,bridgette_b,isiah_maxwell,rich_fucks_part_3
84,Zz Series,bonnie_rotten,tommy_pistol,american_whore_story_part_three
85,Zz Series,gianna_nicole,missy_martinez,brazzers_house_episode_three_bonus
86,Zz Series,monique_alexander,jessy_jones,the_exxxceptions_episode_3
87,Zz Series,jade_jantzen,tony_de_sergio,vice_city_vacation_part_three
88,Zz Series,anna_bell_peaks,tiffany_star,zz_hospital_no_love_just_lust
89,Zz Series,kagney_linn_karter,mark_ashley,ep_1_wet_traces_to_nowhere
90,Zz Series,riley_reid,kissa_sins,sins_life_part_one
91,Zz Series,dana_de_armond,keiran_lee,never_get_married_the_downward_spiral
92,Zz Series,asa_akira,lisa_ann,ep_3_the_queen_of_lust
93,Zz Series,kirsten_price,brandi_love,two_girls_one_cock
94,Zz Series,asa_akira,jessica_jaymes,ep_1_an_inconvenient_truce
95,Zz Series,aaliyah_hadid,johnny_sins,the_exxxceptions_episode_5
96,Zz Series,aletta_ocean,barbie_white,ep_7_the_end_is_rear
97,Zz Series,lou_charmelle,liza_del_sierra,ep_5_surprise_sur_le_bateau
98,Zz Series,luna_star,angela_white,brazzi_bots_uprising_part_1
99,Zz Series,diamond_foxxx,sabrina_maree,ep_2_tonight_we_feast
100,Zz Series,romi_rain,angela_white,brazzibots_uprising_part_4
101,Zz Series,yuffie_yulan,keiran_lee,brit_on_brit_boning
102,Zz Series,blue_angel,cindy_hope,ep_6_lez_be_friends
103,Zz Series,sandra_romain,manuel_ferrara,ep_7_bon_voyage_keiran
104,Zz Series,cherie_deville,codi_vore,kinky_secrets_of_the_suburbs_part_4
105,Zz Series,mona_azar,xander_corvus,blueprint_for_anal_part_1
106,Zz Series,nicole_aniston,xander_corvus,brazzibots_uprising_part_2
107,Zz Series,jacky_joy,keiran_lee,jacky_joys_joyride
108,Zz Series,nicki_hunter,keiran_lee,nicki_hunter_hungry_for_cock
109,Zz Series,lily_lou,jax_slayher,kinky_secrets_of_the_suburbs_part_3
110,Zz Series,natasha_starr,keiran_lee,afterhours_fuck
111,Zz Series,cherie_deville,maya_farrell,kinky_secrets_of_the_suburbs_part_1
112,Zz Series,abby_cross,keiran_lee,dear_abby_suck_that_cock
113,Zz Series,cali_carter,small_hands,brazzibots_uprising_part_3
114,Zz Series,riley_reid,mick_blue,brazzi_bots_part_1
115,Zz Series,lulu_chu,mick_blue,kinky_secrets_of_the_suburbs_part_2
116,Zz Series,karma_rx,lela_star,brazzi_bots_part_4
117,Zz Series,abigail_mac,nicolette_shea,brazzi_bots_part_2
118,Zz Series,lela_star,xander_corvus,brazzi_bots_part_3
